userid,Action,Adventure,Animation,Children,Comedy,Crime,Documentary,Drama,Fantasy,Film-Noir,Horror,IMAX,Musical,Mystery,Romance,Sci-Fi,Thriller,War,Western,avg_rating_given,num_ratings_given
184,0.20430107526881722,0.12903225806451613,0.010752688172043012,0.053763440860215055,0.3118279569892473,0.11827956989247312,0.0,0.6021505376344086,0.03225806451612903,0.0,0.043010752688172046,0.010752688172043012,0.010752688172043012,0.06451612903225806,0.27956989247311825,0.06451612903225806,0.3010752688172043,0.053763440860215055,0.03225806451612903,4.247311827956989,93
116,0.45098039215686275,0.18627450980392157,0.029411764705882353,0.0392156862745098,0.27450980392156865,0.35294117647058826,0.00980392156862745,0.4117647058823529,0.0784313725490196,0.0196078431372549,0.13725490196078433,0.029411764705882353,0.0196078431372549,0.13725490196078433,0.06862745098039216,0.19607843137254902,0.3627450980392157,0.11764705882352941,0.029411764705882353,4.2254901960784315,102
87,0.1111111111111111,0.1111111111111111,0.0,0.0,0.1111111111111111,0.4444444444444444,0.0,0.5555555555555556,0.1111111111111111,0.0,0.1111111111111111,0.1111111111111111,0.0,0.1111111111111111,0.1111111111111111,0.0,0.5555555555555556,0.0,0.0,4.444444444444445,9
51,0.3220338983050847,0.15254237288135594,0.0,0.0,0.6101694915254238,0.3220338983050847,0.0,0.2542372881355932,0.06779661016949153,0.01694915254237288,0.0847457627118644,0.0,0.01694915254237288,0.15254237288135594,0.1016949152542373,0.1016949152542373,0.23728813559322035,0.03389830508474576,0.03389830508474576,4.372881355932203,59
70,0.2564102564102564,0.02564102564102564,0.0,0.0,0.3333333333333333,0.46153846153846156,0.07692307692307693,0.5128205128205128,0.02564102564102564,0.0,0.05128205128205128,0.0,0.0,0.02564102564102564,0.07692307692307693,0.02564102564102564,0.3076923076923077,0.05128205128205128,0.0,4.384615384615385,39
190,0.2972972972972973,0.2972972972972973,0.06756756756756757,0.06756756756756757,0.35135135135135137,0.17567567567567569,0.013513513513513514,0.6351351351351351,0.10810810810810811,0.0,0.013513513513513514,0.05405405405405406,0.04054054054054054,0.10810810810810811,0.24324324324324326,0.20270270270270271,0.17567567567567569,0.04054054054054054,0.0,4.297297297297297,74
176,0.09523809523809523,0.38095238095238093,0.09523809523809523,0.19047619047619047,0.2857142857142857,0.0,0.0,0.5238095238095238,0.38095238095238093,0.0,0.0,0.14285714285714285,0.09523809523809523,0.047619047619047616,0.5238095238095238,0.047619047619047616,0.09523809523809523,0.0,0.0,4.880952380952381,21
169,0.04,0.14,0.02,0.18,0.61,0.04,0.01,0.47,0.09,0.0,0.01,0.0,0.04,0.02,0.22,0.05,0.02,0.07,0.01,4.49,100
92,0.058823529411764705,0.17647058823529413,0.058823529411764705,0.058823529411764705,0.17647058823529413,0.23529411764705882,0.058823529411764705,0.5882352941176471,0.17647058823529413,0.0,0.11764705882352941,0.0,0.0,0.23529411764705882,0.11764705882352941,0.0,0.29411764705882354,0.0,0.0,4.470588235294118,17
180,0.7272727272727273,0.45454545454545453,0.0,0.0,0.2727272727272727,0.2727272727272727,0.0,0.5454545454545454,0.18181818181818182,0.0,0.09090909090909091,0.09090909090909091,0.0,0.09090909090909091,0.0,0.09090909090909091,0.45454545454545453,0.0,0.0,4.2727272727272725,11
236,0.5217391304347826,0.391304347826087,0.043478260869565216,0.043478260869565216,0.30434782608695654,0.13043478260869565,0.0,0.17391304347826086,0.21739130434782608,0.0,0.2608695652173913,0.043478260869565216,0.0,0.08695652173913043,0.043478260869565216,0.391304347826087,0.30434782608695654,0.0,0.0,4.282608695652174,23
22,0.6521739130434783,0.2753623188405797,0.014492753623188406,0.014492753623188406,0.15942028985507245,0.30434782608695654,0.0,0.4057971014492754,0.057971014492753624,0.0,0.028985507246376812,0.0,0.0,0.10144927536231885,0.08695652173913043,0.15942028985507245,0.5072463768115942,0.043478260869565216,0.0,4.27536231884058,69
156,0.23451692815854666,0.15359207266721717,0.023947151114781174,0.04706853839801817,0.3014037985136251,0.15028901734104047,0.0,0.4649050371593724,0.07349298100743187,0.014037985136251032,0.09744013212221304,0.0033030553261767133,0.04128819157720892,0.09331131296449216,0.19405450041288191,0.1147811725846408,0.2989265070189926,0.05945499587118084,0.04046242774566474,4.269611890999174,1211
197,0.4117647058823529,0.058823529411764705,0.0,0.0,0.23529411764705882,0.5294117647058824,0.0,0.5294117647058824,0.0,0.0,0.0,0.11764705882352941,0.0,0.11764705882352941,0.0,0.058823529411764705,0.29411764705882354,0.058823529411764705,0.0,4.382352941176471,17
135,0.21212121212121213,0.3939393939393939,0.15151515151515152,0.2878787878787879,0.30303030303030304,0.09090909090909091,0.015151515151515152,0.5,0.22727272727272727,0.0,0.0,0.06060606060606061,0.06060606060606061,0.015151515151515152,0.25757575757575757,0.06060606060606061,0.07575757575757576,0.10606060606060606,0.015151515151515152,4.242424242424242,66
227,0.42857142857142855,0.5714285714285714,0.0,0.0,0.42857142857142855,0.5714285714285714,0.0,0.42857142857142855,0.2857142857142857,0.0,0.14285714285714285,0.0,0.0,0.0,0.0,0.0,0.14285714285714285,0.0,0.14285714285714285,4.571428571428571,7
173,0.1875,0.125,0.0625,0.0625,0.25,0.25,0.0,0.5625,0.125,0.125,0.0,0.0,0.0,0.5,0.3125,0.25,0.5,0.0,0.0,4.4375,16
149,0.5833333333333334,0.6666666666666666,0.3333333333333333,0.4166666666666667,0.4166666666666667,0.16666666666666666,0.0,0.08333333333333333,0.4166666666666667,0.0,0.0,0.16666666666666666,0.25,0.0,0.16666666666666666,0.3333333333333333,0.25,0.0,0.0,4.083333333333333,12
73,0.06060606060606061,0.08080808080808081,0.030303030303030304,0.08080808080808081,0.29292929292929293,0.1717171717171717,0.010101010101010102,0.797979797979798,0.06060606060606061,0.010101010101010102,0.030303030303030304,0.020202020202020204,0.030303030303030304,0.06060606060606061,0.16161616161616163,0.030303030303030304,0.1111111111111111,0.0707070707070707,0.030303030303030304,4.444444444444445,99
103,0.14285714285714285,0.14285714285714285,0.06349206349206349,0.1111111111111111,0.6666666666666666,0.06349206349206349,0.0,0.4126984126984127,0.047619047619047616,0.0,0.015873015873015872,0.015873015873015872,0.031746031746031744,0.015873015873015872,0.5079365079365079,0.047619047619047616,0.07936507936507936,0.031746031746031744,0.0,4.166666666666667,63
42,0.34210526315789475,0.21052631578947367,0.05263157894736842,0.05263157894736842,0.23684210526315788,0.2894736842105263,0.0,0.39473684210526316,0.07894736842105263,0.02631578947368421,0.02631578947368421,0.02631578947368421,0.0,0.15789473684210525,0.07894736842105263,0.15789473684210525,0.34210526315789475,0.02631578947368421,0.02631578947368421,4.368421052631579,38
189,0.2706766917293233,0.3233082706766917,0.15037593984962405,0.18045112781954886,0.43609022556390975,0.12030075187969924,0.0,0.3308270676691729,0.23308270676691728,0.0,0.09022556390977443,0.08270676691729323,0.09022556390977443,0.07518796992481203,0.18045112781954886,0.21052631578947367,0.24812030075187969,0.045112781954887216,0.007518796992481203,4.609022556390977,133
239,0.2076923076923077,0.38461538461538464,0.3769230769230769,0.5384615384615384,0.4846153846153846,0.06923076923076923,0.0,0.3,0.3153846153846154,0.0,0.007692307692307693,0.023076923076923078,0.2692307692307692,0.007692307692307693,0.23846153846153847,0.14615384615384616,0.05384615384615385,0.007692307692307693,0.015384615384615385,4.5115384615384615,130
161,0.0,0.0,0.0,0.0,0.0,0.0,0.0,1.0,1.0,0.0,0.0,0.0,0.0,0.0,0.0,0.0,0.0,0.0,0.0,5.0,1
121,0.3472222222222222,0.2361111111111111,0.013888888888888888,0.05555555555555555,0.5277777777777778,0.2777777777777778,0.013888888888888888,0.375,0.05555555555555555,0.0,0.0,0.041666666666666664,0.0,0.013888888888888888,0.06944444444444445,0.1527777777777778,0.19444444444444445,0.041666666666666664,0.027777777777777776,4.770833333333333,72
117,0.34,0.2,0.0,0.1,0.34,0.18,0.0,0.5,0.0,0.0,0.02,0.0,0.06,0.02,0.36,0.04,0.34,0.08,0.04,4.56,50
88,0.17391304347826086,0.13043478260869565,0.0,0.0,0.43478260869565216,0.17391304347826086,0.0,0.782608695652174,0.0,0.0,0.0,0.0,0.0,0.08695652173913043,0.2608695652173913,0.08695652173913043,0.08695652173913043,0.13043478260869565,0.043478260869565216,4.217391304347826,23
188,0.23076923076923078,0.38461538461538464,0.07692307692307693,0.07692307692307693,0.46153846153846156,0.07692307692307693,0.0,0.6923076923076923,0.0,0.0,0.0,0.15384615384615385,0.07692307692307693,0.0,0.3076923076923077,0.15384615384615385,0.23076923076923078,0.15384615384615385,0.07692307692307693,4.153846153846154,13
125,0.0,0.03333333333333333,0.03333333333333333,0.0,0.06666666666666667,0.3333333333333333,0.0,0.7,0.1,0.03333333333333333,0.16666666666666666,0.0,0.03333333333333333,0.8333333333333334,0.1,0.23333333333333334,0.6666666666666666,0.0,0.0,4.283333333333333,30
113,0.15,0.1,0.1,0.1,0.4,0.15,0.0,0.7,0.05,0.0,0.05,0.0,0.05,0.0,0.45,0.05,0.2,0.1,0.0,5.0,20
40,0.14285714285714285,0.05714285714285714,0.02857142857142857,0.02857142857142857,0.34285714285714286,0.17142857142857143,0.02857142857142857,0.6857142857142857,0.05714285714285714,0.05714285714285714,0.05714285714285714,0.0,0.0,0.11428571428571428,0.14285714285714285,0.05714285714285714,0.3142857142857143,0.02857142857142857,0.02857142857142857,4.4,35
43,0.32608695652173914,0.2391304347826087,0.06521739130434782,0.08695652173913043,0.43478260869565216,0.10869565217391304,0.0,0.5869565217391305,0.06521739130434782,0.0,0.0,0.021739130434782608,0.021739130434782608,0.021739130434782608,0.45652173913043476,0.10869565217391304,0.1956521739130435,0.043478260869565216,0.0,4.413043478260869,46
196,0.32142857142857145,0.35714285714285715,0.08928571428571429,0.17857142857142858,0.4642857142857143,0.16071428571428573,0.0,0.25,0.2857142857142857,0.0,0.16071428571428573,0.0,0.07142857142857142,0.03571428571428571,0.14285714285714285,0.08928571428571429,0.125,0.0,0.017857142857142856,4.5,56
120,0.13636363636363635,0.22727272727272727,0.045454545454545456,0.13636363636363635,0.3181818181818182,0.18181818181818182,0.0,0.6363636363636364,0.045454545454545456,0.0,0.0,0.09090909090909091,0.045454545454545456,0.09090909090909091,0.2727272727272727,0.09090909090909091,0.3181818181818182,0.13636363636363635,0.045454545454545456,4.681818181818182,22
15,0.07692307692307693,0.15384615384615385,0.23076923076923078,0.3076923076923077,0.23076923076923078,0.07692307692307693,0.07692307692307693,0.6923076923076923,0.15384615384615385,0.0,0.0,0.15384615384615385,0.23076923076923078,0.0,0.23076923076923078,0.0,0.23076923076923078,0.15384615384615385,0.0,4.153846153846154,13
226,0.06666666666666667,0.06666666666666667,0.0,0.0,0.26666666666666666,0.3333333333333333,0.06666666666666667,0.7333333333333333,0.06666666666666667,0.13333333333333333,0.06666666666666667,0.0,0.0,0.13333333333333333,0.06666666666666667,0.0,0.26666666666666666,0.0,0.0,4.8,15
210,0.17647058823529413,0.0,0.0,0.0,0.29411764705882354,0.058823529411764705,0.0,0.4117647058823529,0.0,0.0,0.23529411764705882,0.0,0.0,0.23529411764705882,0.11764705882352941,0.11764705882352941,0.4117647058823529,0.0,0.0,4.352941176470588,17
48,0.1267605633802817,0.1267605633802817,0.014084507042253521,0.04225352112676056,0.2676056338028169,0.19718309859154928,0.014084507042253521,0.6901408450704225,0.07042253521126761,0.0,0.014084507042253521,0.0,0.04225352112676056,0.07042253521126761,0.2535211267605634,0.056338028169014086,0.15492957746478872,0.15492957746478872,0.028169014084507043,4.295774647887324,71
187,0.2222222222222222,0.1111111111111111,0.0,0.0,0.2777777777777778,0.16666666666666666,0.05555555555555555,0.5,0.05555555555555555,0.0,0.16666666666666666,0.05555555555555555,0.0,0.05555555555555555,0.1111111111111111,0.3333333333333333,0.16666666666666666,0.05555555555555555,0.05555555555555555,4.333333333333333,18
57,0.4117647058823529,0.5882352941176471,0.058823529411764705,0.17647058823529413,0.23529411764705882,0.17647058823529413,0.0,0.4117647058823529,0.17647058823529413,0.0,0.0,0.0,0.058823529411764705,0.0,0.17647058823529413,0.058823529411764705,0.11764705882352941,0.23529411764705882,0.17647058823529413,4.470588235294118,17
81,0.5,0.22727272727272727,0.0,0.0,0.09090909090909091,0.13636363636363635,0.0,0.6818181818181818,0.0,0.0,0.045454545454545456,0.0,0.0,0.0,0.13636363636363635,0.13636363636363635,0.36363636363636365,0.5,0.0,4.818181818181818,22
61,0.14942528735632185,0.1724137931034483,0.04597701149425287,0.034482758620689655,0.47126436781609193,0.19540229885057472,0.04597701149425287,0.5057471264367817,0.11494252873563218,0.0,0.08045977011494253,0.034482758620689655,0.022988505747126436,0.06896551724137931,0.2413793103448276,0.10344827586206896,0.25287356321839083,0.0,0.0,4.339080459770115,87
19,0.3125,0.25,0.03125,0.09375,0.40625,0.15625,0.0,0.40625,0.125,0.0,0.03125,0.0,0.03125,0.03125,0.21875,0.0625,0.375,0.0,0.0,4.34375,32
160,0.13725490196078433,0.11764705882352941,0.0392156862745098,0.09803921568627451,0.47058823529411764,0.13725490196078433,0.0,0.47058823529411764,0.0784313725490196,0.0,0.0196078431372549,0.0196078431372549,0.0196078431372549,0.0392156862745098,0.35294117647058826,0.0392156862745098,0.3137254901960784,0.058823529411764705,0.0392156862745098,4.313725490196078,51
204,0.22580645161290322,0.45161290322580644,0.25806451612903225,0.25806451612903225,0.532258064516129,0.12903225806451613,0.0,0.25806451612903225,0.3387096774193548,0.016129032258064516,0.03225806451612903,0.016129032258064516,0.06451612903225806,0.14516129032258066,0.14516129032258066,0.27419354838709675,0.25806451612903225,0.016129032258064516,0.0,4.564516129032258,62
104,0.10176991150442478,0.11504424778761062,0.030973451327433628,0.048672566371681415,0.23893805309734514,0.10619469026548672,0.022123893805309734,0.6858407079646017,0.07964601769911504,0.04424778761061947,0.035398230088495575,0.004424778761061947,0.05752212389380531,0.09292035398230089,0.168141592920354,0.048672566371681415,0.12831858407079647,0.12831858407079647,0.030973451327433628,4.207964601769912,226
5,0.32,0.34,0.1,0.14,0.32,0.08,0.0,0.42,0.1,0.0,0.0,0.06,0.12,0.02,0.18,0.18,0.24,0.02,0.04,4.76,50
171,0.3,0.15,0.0,0.0,0.35,0.05,0.0,0.35,0.05,0.0,0.25,0.0,0.0,0.0,0.05,0.35,0.3,0.05,0.0,4.5,20
91,0.21794871794871795,0.2564102564102564,0.08547008547008547,0.09829059829059829,0.41452991452991456,0.16666666666666666,0.021367521367521368,0.49572649572649574,0.1111111111111111,0.004273504273504274,0.0641025641025641,0.008547008547008548,0.08547008547008547,0.08974358974358974,0.1581196581196581,0.11538461538461539,0.1623931623931624,0.15384615384615385,0.042735042735042736,4.200854700854701,234
179,0.5,1.0,0.0,0.0,0.0,0.0,0.0,0.5,1.0,0.0,0.0,0.0,0.0,0.0,0.0,0.0,0.0,0.0,0.0,4.0,2
54,0.3515850144092219,0.2622478386167147,0.020172910662824207,0.04610951008645533,0.3515850144092219,0.15561959654178675,0.008645533141210375,0.3746397694524496,0.09798270893371758,0.005763688760806916,0.09798270893371758,0.0,0.01440922190201729,0.06340057636887608,0.138328530259366,0.2017291066282421,0.34293948126801155,0.05187319884726225,0.037463976945244955,4.253602305475504,347
29,0.3333333333333333,0.23076923076923078,0.08974358974358974,0.14102564102564102,0.3076923076923077,0.21794871794871795,0.0,0.48717948717948717,0.10256410256410256,0.01282051282051282,0.07692307692307693,0.038461538461538464,0.07692307692307693,0.0641025641025641,0.15384615384615385,0.08974358974358974,0.28205128205128205,0.0641025641025641,0.07692307692307693,4.1923076923076925,78
4,0.3548387096774194,0.22580645161290322,0.12903225806451613,0.1935483870967742,0.3870967741935484,0.06451612903225806,0.0,0.3225806451612903,0.12903225806451613,0.0,0.0,0.0,0.12903225806451613,0.06451612903225806,0.12903225806451613,0.12903225806451613,0.3548387096774194,0.06451612903225806,0.06451612903225806,4.096774193548387,31
181,0.3076923076923077,0.15384615384615385,0.07692307692307693,0.15384615384615385,0.3076923076923077,0.07692307692307693,0.0,0.46153846153846156,0.07692307692307693,0.0,0.15384615384615385,0.07692307692307693,0.15384615384615385,0.15384615384615385,0.38461538461538464,0.5384615384615384,0.15384615384615385,0.07692307692307693,0.15384615384615385,4.384615384615385,13
96,0.3785310734463277,0.3502824858757062,0.13559322033898305,0.12994350282485875,0.288135593220339,0.2711864406779661,0.0,0.4689265536723164,0.12994350282485875,0.022598870056497175,0.022598870056497175,0.10734463276836158,0.03389830508474576,0.11864406779661017,0.10734463276836158,0.2598870056497175,0.2994350282485876,0.03954802259887006,0.011299435028248588,4.206214689265536,177
201,0.10227272727272728,0.07954545454545454,0.056818181818181816,0.0,0.19318181818181818,0.2159090909090909,0.022727272727272728,0.75,0.11363636363636363,0.03409090909090909,0.045454545454545456,0.0,0.045454545454545456,0.18181818181818182,0.26136363636363635,0.10227272727272728,0.2727272727272727,0.045454545454545456,0.0,4.505681818181818,88
10,0.41379310344827586,0.3448275862068966,0.034482758620689655,0.06896551724137931,0.27586206896551724,0.10344827586206896,0.0,0.5862068965517241,0.10344827586206896,0.0,0.06896551724137931,0.0,0.034482758620689655,0.0,0.27586206896551724,0.1724137931034483,0.06896551724137931,0.27586206896551724,0.0,4.172413793103448,29
105,0.2777777777777778,0.3333333333333333,0.05555555555555555,0.1111111111111111,0.4444444444444444,0.05555555555555555,0.0,0.1111111111111111,0.16666666666666666,0.0,0.0,0.0,0.0,0.05555555555555555,0.2222222222222222,0.3333333333333333,0.3333333333333333,0.05555555555555555,0.0,4.388888888888889,18
35,0.40384615384615385,0.27564102564102566,0.08333333333333333,0.0641025641025641,0.3782051282051282,0.30128205128205127,0.0,0.5128205128205128,0.16666666666666666,0.01282051282051282,0.08974358974358974,0.0641025641025641,0.057692307692307696,0.10897435897435898,0.14102564102564102,0.11538461538461539,0.38461538461538464,0.04487179487179487,0.01282051282051282,4.5673076923076925,156
107,0.4,0.4857142857142857,0.2571428571428571,0.2571428571428571,0.5142857142857142,0.05714285714285714,0.0,0.14285714285714285,0.17142857142857143,0.0,0.0,0.05714285714285714,0.11428571428571428,0.02857142857142857,0.08571428571428572,0.45714285714285713,0.08571428571428572,0.02857142857142857,0.02857142857142857,4.628571428571429,35
6,0.2857142857142857,0.35714285714285715,0.07142857142857142,0.07142857142857142,0.42857142857142855,0.07142857142857142,0.0,0.35714285714285715,0.21428571428571427,0.0,0.0,0.0,0.0,0.14285714285714285,0.42857142857142855,0.14285714285714285,0.21428571428571427,0.0,0.0,4.5,14
233,0.07407407407407407,0.14814814814814814,0.14814814814814814,0.18518518518518517,0.5925925925925926,0.2222222222222222,0.037037037037037035,0.5185185185185185,0.07407407407407407,0.0,0.0,0.037037037037037035,0.1111111111111111,0.037037037037037035,0.1111111111111111,0.037037037037037035,0.18518518518518517,0.037037037037037035,0.037037037037037035,4.2592592592592595,27
220,0.24561403508771928,0.18859649122807018,0.03070175438596491,0.039473684210526314,0.32456140350877194,0.22807017543859648,0.07017543859649122,0.4868421052631579,0.07017543859649122,0.008771929824561403,0.07017543859649122,0.0043859649122807015,0.013157894736842105,0.10526315789473684,0.09210526315789473,0.17982456140350878,0.2850877192982456,0.04824561403508772,0.0043859649122807015,4.370614035087719,228
86,0.45454545454545453,0.4090909090909091,0.0,0.0,0.18181818181818182,0.45454545454545453,0.0,0.5,0.0,0.0,0.0,0.09090909090909091,0.0,0.0,0.0,0.22727272727272727,0.22727272727272727,0.045454545454545456,0.045454545454545456,4.204545454545454,22
93,0.20588235294117646,0.29411764705882354,0.08823529411764706,0.17647058823529413,0.6176470588235294,0.058823529411764705,0.0,0.38235294117647056,0.20588235294117646,0.0,0.029411764705882353,0.058823529411764705,0.08823529411764706,0.029411764705882353,0.08823529411764706,0.11764705882352941,0.08823529411764706,0.058823529411764705,0.0,4.617647058823529,34
89,0.18518518518518517,0.12962962962962962,0.018518518518518517,0.018518518518518517,0.12962962962962962,0.2222222222222222,0.0,0.6111111111111112,0.07407407407407407,0.0,0.1111111111111111,0.0,0.0,0.14814814814814814,0.1111111111111111,0.037037037037037035,0.48148148148148145,0.09259259259259259,0.0,4.314814814814815,54
219,0.2727272727272727,0.36363636363636365,0.030303030303030304,0.030303030303030304,0.2727272727272727,0.18181818181818182,0.06060606060606061,0.6060606060606061,0.3939393939393939,0.0,0.0,0.21212121212121213,0.06060606060606061,0.2727272727272727,0.21212121212121213,0.15151515151515152,0.24242424242424243,0.0,0.0,4.484848484848484,33
175,0.1282051282051282,0.1282051282051282,0.0,0.05128205128205128,0.3076923076923077,0.3076923076923077,0.0,0.6666666666666666,0.05128205128205128,0.05128205128205128,0.0,0.02564102564102564,0.02564102564102564,0.10256410256410256,0.1794871794871795,0.02564102564102564,0.23076923076923078,0.10256410256410256,0.02564102564102564,4.346153846153846,39
31,0.6054421768707483,0.6122448979591837,0.21768707482993196,0.2789115646258503,0.3129251700680272,0.08163265306122448,0.013605442176870748,0.1564625850340136,0.30612244897959184,0.0,0.047619047619047616,0.24489795918367346,0.0,0.061224489795918366,0.05442176870748299,0.3129251700680272,0.23129251700680273,0.034013605442176874,0.04081632653061224,4.4727891156462585,147
50,0.21518987341772153,0.20253164556962025,0.08860759493670886,0.0759493670886076,0.34177215189873417,0.12658227848101267,0.0,0.6329113924050633,0.21518987341772153,0.0,0.0379746835443038,0.0,0.0379746835443038,0.05063291139240506,0.31645569620253167,0.1518987341772152,0.20253164556962025,0.05063291139240506,0.0,4.3924050632911396,79
14,0.10869565217391304,0.3188405797101449,0.2391304347826087,0.3115942028985507,0.5869565217391305,0.043478260869565216,0.0,0.391304347826087,0.14492753623188406,0.0,0.0,0.028985507246376812,0.13043478260869565,0.043478260869565216,0.3188405797101449,0.10869565217391304,0.050724637681159424,0.028985507246376812,0.036231884057971016,4.333333333333333,138
231,0.21428571428571427,0.21428571428571427,0.07142857142857142,0.07142857142857142,0.07142857142857142,0.21428571428571427,0.0,0.7857142857142857,0.07142857142857142,0.0,0.07142857142857142,0.14285714285714285,0.07142857142857142,0.0,0.2857142857142857,0.14285714285714285,0.2857142857142857,0.21428571428571427,0.07142857142857142,4.428571428571429,14
66,0.3333333333333333,0.2222222222222222,0.1388888888888889,0.1388888888888889,0.6944444444444444,0.16666666666666666,0.0,0.4166666666666667,0.027777777777777776,0.0,0.0,0.0,0.027777777777777776,0.0,0.2777777777777778,0.1388888888888889,0.1388888888888889,0.1388888888888889,0.027777777777777776,4.361111111111111,36
109,0.16216216216216217,0.1891891891891892,0.08108108108108109,0.08108108108108109,0.35135135135135137,0.20270270270270271,0.0,0.5540540540540541,0.1891891891891892,0.013513513513513514,0.02702702702702703,0.013513513513513514,0.08108108108108109,0.08108108108108109,0.14864864864864866,0.08108108108108109,0.16216216216216217,0.05405405405405406,0.013513513513513514,4.5675675675675675,74
155,0.2702702702702703,0.40540540540540543,0.05405405405405406,0.05405405405405406,0.2972972972972973,0.21621621621621623,0.02702702702702703,0.3783783783783784,0.21621621621621623,0.0,0.08108108108108109,0.0,0.0,0.16216216216216217,0.13513513513513514,0.43243243243243246,0.32432432432432434,0.0,0.0,4.243243243243243,37
13,0.4,0.2,0.02857142857142857,0.02857142857142857,0.2571428571428571,0.14285714285714285,0.0,0.5428571428571428,0.05714285714285714,0.0,0.02857142857142857,0.02857142857142857,0.0,0.11428571428571428,0.17142857142857143,0.17142857142857143,0.42857142857142855,0.14285714285714285,0.08571428571428572,4.485714285714286,35
133,0.1875,0.1375,0.09375,0.0875,0.325,0.26875,0.0625,0.5875,0.125,0.03125,0.01875,0.0625,0.025,0.15,0.2,0.1125,0.28125,0.075,0.0,4.26875,160
195,0.23529411764705882,0.20588235294117646,0.08823529411764706,0.08823529411764706,0.38235294117647056,0.14705882352941177,0.0,0.5,0.14705882352941177,0.0,0.14705882352941177,0.0,0.0,0.08823529411764706,0.058823529411764705,0.11764705882352941,0.20588235294117646,0.0,0.0,4.382352941176471,34
2,0.4418604651162791,0.3953488372093023,0.0,0.0,0.13953488372093023,0.023255813953488372,0.0,0.27906976744186046,0.0,0.023255813953488372,0.23255813953488372,0.0,0.0,0.09302325581395349,0.09302325581395349,0.5116279069767442,0.37209302325581395,0.09302325581395349,0.046511627906976744,4.604651162790698,86
199,0.0,0.07692307692307693,0.07692307692307693,0.07692307692307693,0.38461538461538464,0.07692307692307693,0.23076923076923078,0.6153846153846154,0.07692307692307693,0.0,0.0,0.0,0.0,0.07692307692307693,0.23076923076923078,0.0,0.07692307692307693,0.0,0.07692307692307693,4.538461538461538,13
75,0.5151515151515151,0.36363636363636365,0.0,0.030303030303030304,0.24242424242424243,0.18181818181818182,0.0,0.42424242424242425,0.06060606060606061,0.0,0.030303030303030304,0.030303030303030304,0.0,0.030303030303030304,0.15151515151515152,0.18181818181818182,0.5757575757575758,0.06060606060606061,0.06060606060606061,4.333333333333333,33
128,0.59375,0.34375,0.0,0.0,0.53125,0.15625,0.0,0.34375,0.0,0.0,0.03125,0.03125,0.03125,0.0,0.1875,0.21875,0.34375,0.0625,0.03125,4.15625,32
166,0.2727272727272727,0.2727272727272727,0.18181818181818182,0.09090909090909091,0.18181818181818182,0.0,0.09090909090909091,0.7272727272727273,0.2727272727272727,0.0,0.0,0.0,0.09090909090909091,0.09090909090909091,0.09090909090909091,0.36363636363636365,0.18181818181818182,0.09090909090909091,0.0,4.818181818181818,11
142,0.08333333333333333,0.20833333333333334,0.0,0.041666666666666664,0.16666666666666666,0.16666666666666666,0.0,0.75,0.041666666666666664,0.0,0.041666666666666664,0.041666666666666664,0.0,0.0,0.375,0.125,0.125,0.125,0.08333333333333333,4.208333333333333,24
152,0.23684210526315788,0.23684210526315788,0.06578947368421052,0.10526315789473684,0.40789473684210525,0.19736842105263158,0.02631578947368421,0.5,0.13157894736842105,0.013157894736842105,0.06578947368421052,0.039473684210526314,0.05263157894736842,0.07894736842105263,0.18421052631578946,0.17105263157894737,0.2236842105263158,0.05263157894736842,0.0,4.2894736842105265,76
230,0.24242424242424243,0.30303030303030304,0.15151515151515152,0.18181818181818182,0.45454545454545453,0.09090909090909091,0.0,0.48484848484848486,0.12121212121212122,0.0,0.030303030303030304,0.09090909090909091,0.15151515151515152,0.030303030303030304,0.24242424242424243,0.12121212121212122,0.24242424242424243,0.06060606060606061,0.09090909090909091,4.454545454545454,33
7,0.2777777777777778,0.2777777777777778,0.046296296296296294,0.08333333333333333,0.4166666666666667,0.046296296296296294,0.0,0.46296296296296297,0.09259259259259259,0.0,0.046296296296296294,0.009259259259259259,0.037037037037037035,0.046296296296296294,0.3055555555555556,0.28703703703703703,0.16666666666666666,0.08333333333333333,0.046296296296296294,4.194444444444445,108
222,0.14814814814814814,0.14814814814814814,0.037037037037037035,0.037037037037037035,0.4074074074074074,0.07407407407407407,0.0,0.7777777777777778,0.07407407407407407,0.0,0.07407407407407407,0.0,0.0,0.037037037037037035,0.37037037037037035,0.037037037037037035,0.1111111111111111,0.18518518518518517,0.0,4.481481481481482,27
38,0.18421052631578946,0.13157894736842105,0.02631578947368421,0.02631578947368421,0.3684210526315789,0.02631578947368421,0.0,0.631578947368421,0.0,0.0,0.0,0.05263157894736842,0.02631578947368421,0.05263157894736842,0.3684210526315789,0.05263157894736842,0.2894736842105263,0.10526315789473684,0.02631578947368421,4.473684210526316,38
193,0.5714285714285714,0.14285714285714285,0.0,0.0,0.2857142857142857,0.14285714285714285,0.0,0.7142857142857143,0.0,0.0,0.0,0.0,0.0,0.0,0.2857142857142857,0.0,0.2857142857142857,0.2857142857142857,0.0,4.714285714285714,7
164,0.6326530612244898,0.24489795918367346,0.04081632653061224,0.061224489795918366,0.30612244897959184,0.32653061224489793,0.0,0.2653061224489796,0.08163265306122448,0.0,0.08163265306122448,0.0,0.04081632653061224,0.02040816326530612,0.1836734693877551,0.1836734693877551,0.4489795918367347,0.061224489795918366,0.061224489795918366,4.489795918367347,49
78,0.6451612903225806,0.5806451612903226,0.03225806451612903,0.0967741935483871,0.12903225806451613,0.0967741935483871,0.0,0.25806451612903225,0.22580645161290322,0.0,0.0,0.0,0.06451612903225806,0.06451612903225806,0.06451612903225806,0.6129032258064516,0.25806451612903225,0.03225806451612903,0.0,4.419354838709677,31
217,0.23076923076923078,0.15384615384615385,0.07692307692307693,0.07692307692307693,0.5384615384615384,0.07692307692307693,0.0,0.5384615384615384,0.15384615384615385,0.0,0.07692307692307693,0.0,0.07692307692307693,0.07692307692307693,0.38461538461538464,0.0,0.15384615384615385,0.07692307692307693,0.0,4.346153846153846,13
159,0.25,0.25,0.3,0.45,0.25,0.05,0.0,0.4,0.3,0.0,0.0,0.05,0.25,0.05,0.15,0.05,0.25,0.05,0.0,4.3,20
186,0.06666666666666667,0.2,0.06666666666666667,0.2,0.6,0.03333333333333333,0.03333333333333333,0.5,0.13333333333333333,0.0,0.0,0.0,0.06666666666666667,0.0,0.23333333333333334,0.13333333333333333,0.06666666666666667,0.06666666666666667,0.0,4.2,30
47,0.09090909090909091,0.45454545454545453,0.0,0.09090909090909091,0.7272727272727273,0.2727272727272727,0.0,0.18181818181818182,0.36363636363636365,0.0,0.09090909090909091,0.0,0.18181818181818182,0.0,0.09090909090909091,0.0,0.2727272727272727,0.0,0.0,4.318181818181818,11
177,0.4166666666666667,0.25,0.0,0.08333333333333333,0.3333333333333333,0.16666666666666666,0.0,0.5,0.16666666666666666,0.0,0.08333333333333333,0.0,0.16666666666666666,0.08333333333333333,0.4166666666666667,0.08333333333333333,0.16666666666666666,0.16666666666666666,0.0,4.666666666666667,12
20,0.2727272727272727,0.18181818181818182,0.0,0.0,0.18181818181818182,0.36363636363636365,0.0,0.6363636363636364,0.0,0.0,0.18181818181818182,0.0,0.0,0.09090909090909091,0.0,0.09090909090909091,0.45454545454545453,0.09090909090909091,0.0,4.181818181818182,11
182,0.7857142857142857,0.23809523809523808,0.023809523809523808,0.0,0.23809523809523808,0.2619047619047619,0.0,0.38095238095238093,0.14285714285714285,0.023809523809523808,0.09523809523809523,0.19047619047619047,0.0,0.047619047619047616,0.047619047619047616,0.2619047619047619,0.38095238095238093,0.11904761904761904,0.023809523809523808,4.273809523809524,42
1,0.4188034188034188,0.5213675213675214,0.05128205128205128,0.07692307692307693,0.23076923076923078,0.1111111111111111,0.0,0.21367521367521367,0.5042735042735043,0.0,0.2564102564102564,0.03418803418803419,0.008547008547008548,0.05128205128205128,0.09401709401709402,0.19658119658119658,0.2564102564102564,0.02564102564102564,0.008547008547008548,4.085470085470085,117
76,0.4,0.2571428571428571,0.02857142857142857,0.08571428571428572,0.2,0.08571428571428572,0.0,0.5428571428571428,0.05714285714285714,0.0,0.02857142857142857,0.0,0.0,0.02857142857142857,0.11428571428571428,0.2,0.17142857142857143,0.17142857142857143,0.0,4.142857142857143,35
106,0.09090909090909091,0.0,0.0,0.0,0.18181818181818182,0.6363636363636364,0.0,0.8181818181818182,0.0,0.0,0.0,0.0,0.0,0.09090909090909091,0.0,0.0,0.36363636363636365,0.0,0.0,4.363636363636363,11
18,0.04411764705882353,0.04411764705882353,0.014705882352941176,0.014705882352941176,0.3382352941176471,0.25,0.0,0.8382352941176471,0.058823529411764705,0.014705882352941176,0.0,0.0,0.014705882352941176,0.07352941176470588,0.36764705882352944,0.029411764705882353,0.1323529411764706,0.11764705882352941,0.04411764705882353,4.404411764705882,68
110,0.24444444444444444,0.28888888888888886,0.0,0.06666666666666667,0.35555555555555557,0.1111111111111111,0.0,0.6222222222222222,0.1111111111111111,0.0,0.022222222222222223,0.022222222222222223,0.022222222222222223,0.044444444444444446,0.2,0.08888888888888889,0.15555555555555556,0.1111111111111111,0.044444444444444446,4.477777777777778,45
178,0.047619047619047616,0.023809523809523808,0.047619047619047616,0.09523809523809523,0.4523809523809524,0.023809523809523808,0.0,0.47619047619047616,0.09523809523809523,0.07142857142857142,0.0,0.0,0.3333333333333333,0.16666666666666666,0.3333333333333333,0.0,0.16666666666666666,0.09523809523809523,0.023809523809523808,4.619047619047619,42
145,0.0,0.0,0.0,0.0,0.21428571428571427,0.5714285714285714,0.0,0.35714285714285715,0.0,0.7142857142857143,0.0,0.0,0.07142857142857142,0.42857142857142855,0.2857142857142857,0.0,0.35714285714285715,0.0,0.0,4.5,14
129,0.08064516129032258,0.1935483870967742,0.12903225806451613,0.16129032258064516,0.5806451612903226,0.14516129032258066,0.03225806451612903,0.5645161290322581,0.1774193548387097,0.0,0.0967741935483871,0.04838709677419355,0.08064516129032258,0.0967741935483871,0.22580645161290322,0.08064516129032258,0.20967741935483872,0.016129032258064516,0.0,4.282258064516129,62
27,0.25,0.2708333333333333,0.020833333333333332,0.020833333333333332,0.5208333333333334,0.0625,0.0625,0.4375,0.020833333333333332,0.0,0.020833333333333332,0.041666666666666664,0.0,0.041666666666666664,0.2916666666666667,0.125,0.20833333333333334,0.020833333333333332,0.10416666666666667,4.333333333333333,48
143,0.44,0.36,0.04,0.04,0.32,0.16,0.0,0.32,0.08,0.0,0.0,0.0,0.0,0.08,0.16,0.2,0.52,0.0,0.0,4.24,25
203,0.41935483870967744,0.3225806451612903,0.03225806451612903,0.03225806451612903,0.3870967741935484,0.16129032258064516,0.0,0.22580645161290322,0.0967741935483871,0.0,0.25806451612903225,0.06451612903225806,0.03225806451612903,0.03225806451612903,0.03225806451612903,0.4838709677419355,0.1935483870967742,0.06451612903225806,0.03225806451612903,4.354838709677419,31
58,0.21386138613861386,0.13861386138613863,0.02178217821782178,0.03762376237623762,0.2495049504950495,0.18811881188118812,0.007920792079207921,0.5386138613861386,0.07128712871287128,0.033663366336633666,0.12871287128712872,0.007920792079207921,0.011881188118811881,0.12475247524752475,0.1801980198019802,0.1306930693069307,0.37425742574257426,0.06534653465346535,0.02574257425742574,4.501980198019802,505
228,0.14285714285714285,0.07142857142857142,0.07142857142857142,0.14285714285714285,0.7142857142857143,0.0,0.0,0.35714285714285715,0.14285714285714285,0.0,0.0,0.0,0.07142857142857142,0.0,0.5,0.0,0.07142857142857142,0.07142857142857142,0.0,4.285714285714286,14
8,0.3617021276595745,0.2553191489361702,0.10638297872340426,0.0851063829787234,0.3191489361702128,0.1276595744680851,0.0,0.48936170212765956,0.06382978723404255,0.0,0.06382978723404255,0.0425531914893617,0.06382978723404255,0.06382978723404255,0.3404255319148936,0.10638297872340426,0.425531914893617,0.10638297872340426,0.06382978723404255,4.361702127659575,47
71,0.3333333333333333,0.06060606060606061,0.0,0.0,0.21212121212121213,0.30303030303030304,0.0,0.8484848484848485,0.0,0.0,0.0,0.15151515151515152,0.0,0.030303030303030304,0.24242424242424243,0.12121212121212122,0.18181818181818182,0.15151515151515152,0.0,4.666666666666667,33
229,0.547945205479452,0.1780821917808219,0.0,0.0,0.0821917808219178,0.273972602739726,0.0,0.3972602739726027,0.0273972602739726,0.0136986301369863,0.0821917808219178,0.0136986301369863,0.0,0.1506849315068493,0.0684931506849315,0.3013698630136986,0.547945205479452,0.1232876712328767,0.0136986301369863,4.068493150684931,73
68,0.15384615384615385,0.23076923076923078,0.0,0.07692307692307693,0.46153846153846156,0.07692307692307693,0.0,0.5384615384615384,0.0,0.0,0.0,0.0,0.0,0.0,0.15384615384615385,0.15384615384615385,0.15384615384615385,0.0,0.07692307692307693,4.230769230769231,13
146,0.5555555555555556,0.5555555555555556,0.1111111111111111,0.1111111111111111,0.2222222222222222,0.2222222222222222,0.0,0.3333333333333333,0.0,0.0,0.0,0.1111111111111111,0.1111111111111111,0.0,0.1111111111111111,0.2222222222222222,0.4444444444444444,0.0,0.1111111111111111,4.555555555555555,9
80,0.21428571428571427,0.14285714285714285,0.0,0.07142857142857142,0.2857142857142857,0.21428571428571427,0.0,0.5,0.07142857142857142,0.0,0.0,0.0,0.07142857142857142,0.0,0.2857142857142857,0.14285714285714285,0.21428571428571427,0.0,0.0,4.285714285714286,14
52,0.375,0.25,0.0,0.25,0.25,0.0,0.0,0.5,0.125,0.0,0.0,0.0,0.0,0.0,0.25,0.125,0.5,0.25,0.125,4.125,8
162,0.35384615384615387,0.16923076923076924,0.06153846153846154,0.03076923076923077,0.27692307692307694,0.16923076923076924,0.03076923076923077,0.46153846153846156,0.1076923076923077,0.0,0.06153846153846154,0.09230769230769231,0.046153846153846156,0.13846153846153847,0.046153846153846156,0.24615384615384617,0.27692307692307694,0.1076923076923077,0.03076923076923077,4.176923076923077,65
132,0.0782122905027933,0.1340782122905028,0.03910614525139665,0.0782122905027933,0.43575418994413406,0.22905027932960895,0.00558659217877095,0.5586592178770949,0.11731843575418995,0.01675977653631285,0.0893854748603352,0.0,0.055865921787709494,0.0893854748603352,0.15083798882681565,0.1005586592178771,0.22346368715083798,0.01675977653631285,0.0,4.446927374301676,179
84,0.38461538461538464,0.4230769230769231,0.11538461538461539,0.15384615384615385,0.4230769230769231,0.15384615384615385,0.0,0.23076923076923078,0.19230769230769232,0.0,0.07692307692307693,0.07692307692307693,0.07692307692307693,0.038461538461538464,0.15384615384615385,0.15384615384615385,0.2692307692307692,0.0,0.11538461538461539,4.461538461538462,26
170,0.14189189189189189,0.16891891891891891,0.05405405405405406,0.10810810810810811,0.30405405405405406,0.20945945945945946,0.006756756756756757,0.4189189189189189,0.14189189189189189,0.0472972972972973,0.08108108108108109,0.0,0.07432432432432433,0.10810810810810811,0.16891891891891891,0.1554054054054054,0.2635135135135135,0.05405405405405406,0.013513513513513514,4.587837837837838,148
192,0.40425531914893614,0.3404255319148936,0.06382978723404255,0.0851063829787234,0.44680851063829785,0.1702127659574468,0.0,0.3191489361702128,0.0851063829787234,0.0,0.14893617021276595,0.0,0.0425531914893617,0.0425531914893617,0.14893617021276595,0.1702127659574468,0.2978723404255319,0.0,0.02127659574468085,4.446808510638298,47
237,0.25806451612903225,0.24193548387096775,0.06451612903225806,0.06451612903225806,0.2903225806451613,0.21505376344086022,0.010752688172043012,0.6075268817204301,0.10215053763440861,0.021505376344086023,0.03763440860215054,0.04838709677419355,0.010752688172043012,0.0913978494623656,0.1827956989247312,0.13978494623655913,0.22580645161290322,0.11290322580645161,0.021505376344086023,4.478494623655914,186
101,0.2833333333333333,0.13333333333333333,0.06666666666666667,0.05,0.4,0.21666666666666667,0.016666666666666666,0.4666666666666667,0.016666666666666666,0.0,0.03333333333333333,0.016666666666666666,0.05,0.03333333333333333,0.26666666666666666,0.06666666666666667,0.45,0.05,0.016666666666666666,4.216666666666667,60
69,0.4117647058823529,0.2823529411764706,0.09411764705882353,0.10588235294117647,0.35294117647058826,0.2,0.0,0.25882352941176473,0.16470588235294117,0.0,0.10588235294117647,0.011764705882352941,0.08235294117647059,0.07058823529411765,0.07058823529411765,0.17647058823529413,0.3764705882352941,0.08235294117647059,0.047058823529411764,4.235294117647059,85
115,0.25,0.10714285714285714,0.03571428571428571,0.0,0.2857142857142857,0.42857142857142855,0.0,0.6428571428571429,0.03571428571428571,0.0,0.0,0.03571428571428571,0.0,0.17857142857142858,0.14285714285714285,0.07142857142857142,0.4642857142857143,0.07142857142857142,0.0,4.142857142857143,28
114,0.125,0.1,0.0,0.05,0.275,0.1,0.05,0.6,0.025,0.0,0.05,0.0,0.025,0.0,0.3,0.05,0.25,0.025,0.0,4.475,40
60,0.2037037037037037,0.5,0.07407407407407407,0.12962962962962962,0.25925925925925924,0.1111111111111111,0.05555555555555555,0.5185185185185185,0.3333333333333333,0.0,0.0,0.14814814814814814,0.05555555555555555,0.07407407407407407,0.12962962962962962,0.07407407407407407,0.14814814814814814,0.05555555555555555,0.0,4.518518518518518,54
97,0.0,0.15789473684210525,0.10526315789473684,0.10526315789473684,0.9473684210526315,0.0,0.0,0.5789473684210527,0.3684210526315789,0.0,0.0,0.0,0.0,0.0,0.42105263157894735,0.0,0.0,0.05263157894736842,0.0,4.2105263157894735,19
238,0.21904761904761905,0.1523809523809524,0.0380952380952381,0.0380952380952381,0.29523809523809524,0.21904761904761905,0.06666666666666667,0.6285714285714286,0.0761904761904762,0.02857142857142857,0.01904761904761905,0.0,0.0,0.12380952380952381,0.21904761904761905,0.0761904761904762,0.23809523809523808,0.08571428571428572,0.01904761904761905,4.223809523809524,105
112,0.125,0.08928571428571429,0.0,0.017857142857142856,0.4107142857142857,0.17857142857142858,0.05357142857142857,0.6428571428571429,0.07142857142857142,0.0,0.05357142857142857,0.017857142857142856,0.017857142857142856,0.125,0.25,0.07142857142857142,0.16071428571428573,0.07142857142857142,0.0,4.142857142857143,56
108,0.12,0.16,0.12,0.12,0.48,0.16,0.04,0.52,0.04,0.0,0.04,0.04,0.12,0.12,0.2,0.04,0.28,0.04,0.04,4.12,25
59,0.0,0.07692307692307693,0.07692307692307693,0.15384615384615385,0.5384615384615384,0.23076923076923078,0.0,0.46153846153846156,0.3076923076923077,0.0,0.0,0.0,0.0,0.07692307692307693,0.23076923076923078,0.0,0.07692307692307693,0.15384615384615385,0.0,4.1923076923076925,13
65,0.14285714285714285,0.1836734693877551,0.10204081632653061,0.12244897959183673,0.24489795918367346,0.12244897959183673,0.04081632653061224,0.6938775510204082,0.14285714285714285,0.0,0.061224489795918366,0.061224489795918366,0.08163265306122448,0.10204081632653061,0.2857142857142857,0.20408163265306123,0.24489795918367346,0.08163265306122448,0.0,4.469387755102041,49
127,0.43137254901960786,0.29411764705882354,0.0784313725490196,0.09803921568627451,0.21568627450980393,0.17647058823529413,0.0,0.43137254901960786,0.09803921568627451,0.0,0.0392156862745098,0.058823529411764705,0.09803921568627451,0.09803921568627451,0.17647058823529413,0.09803921568627451,0.5098039215686274,0.058823529411764705,0.0196078431372549,4.666666666666667,51
124,0.3780487804878049,0.2073170731707317,0.04878048780487805,0.054878048780487805,0.39634146341463417,0.27439024390243905,0.0,0.3780487804878049,0.09146341463414634,0.012195121951219513,0.03048780487804878,0.018292682926829267,0.024390243902439025,0.12195121951219512,0.25,0.17682926829268292,0.4146341463414634,0.012195121951219513,0.018292682926829267,4.503048780487805,164
98,0.36923076923076925,0.38461538461538464,0.09230769230769231,0.07692307692307693,0.16923076923076924,0.16923076923076924,0.0,0.47692307692307695,0.2,0.015384615384615385,0.046153846153846156,0.2,0.015384615384615385,0.12307692307692308,0.15384615384615385,0.27692307692307694,0.2923076923076923,0.046153846153846156,0.015384615384615385,4.384615384615385,65
200,0.4358974358974359,0.15384615384615385,0.07692307692307693,0.07692307692307693,0.38461538461538464,0.2564102564102564,0.0,0.48717948717948717,0.07692307692307693,0.0,0.10256410256410256,0.07692307692307693,0.07692307692307693,0.02564102564102564,0.2564102564102564,0.10256410256410256,0.46153846153846156,0.15384615384615385,0.07692307692307693,4.384615384615385,39
44,0.3,0.4,0.06666666666666667,0.03333333333333333,0.16666666666666666,0.16666666666666666,0.0,0.43333333333333335,0.23333333333333334,0.0,0.0,0.03333333333333333,0.06666666666666667,0.06666666666666667,0.23333333333333334,0.03333333333333333,0.16666666666666666,0.06666666666666667,0.13333333333333333,4.433333333333334,30
11,0.4339080459770115,0.34195402298850575,0.13218390804597702,0.13505747126436782,0.25,0.07471264367816093,0.014367816091954023,0.3045977011494253,0.1724137931034483,0.005747126436781609,0.14367816091954022,0.06896551724137931,0.028735632183908046,0.05747126436781609,0.12931034482758622,0.47701149425287354,0.3333333333333333,0.031609195402298854,0.0028735632183908046,4.594827586206897,348
235,0.3673469387755102,0.20408163265306123,0.0,0.04081632653061224,0.4897959183673469,0.24489795918367346,0.0,0.46938775510204084,0.061224489795918366,0.02040816326530612,0.08163265306122448,0.0,0.04081632653061224,0.061224489795918366,0.14285714285714285,0.1836734693877551,0.20408163265306123,0.04081632653061224,0.02040816326530612,4.530612244897959,49
82,0.26229508196721313,0.1366120218579235,0.07103825136612021,0.07650273224043716,0.21311475409836064,0.28415300546448086,0.06557377049180328,0.6666666666666666,0.08743169398907104,0.01639344262295082,0.02185792349726776,0.03278688524590164,0.01092896174863388,0.11475409836065574,0.12568306010928962,0.07103825136612021,0.2786885245901639,0.09289617486338798,0.00546448087431694,4.475409836065574,183
119,0.10526315789473684,0.3684210526315789,0.42105263157894735,0.5789473684210527,0.21052631578947367,0.10526315789473684,0.0,0.5263157894736842,0.42105263157894735,0.0,0.05263157894736842,0.15789473684210525,0.3684210526315789,0.0,0.2631578947368421,0.05263157894736842,0.10526315789473684,0.05263157894736842,0.05263157894736842,4.578947368421052,19
153,0.20353982300884957,0.12389380530973451,0.0,0.035398230088495575,0.48672566371681414,0.21238938053097345,0.035398230088495575,0.45132743362831856,0.061946902654867256,0.008849557522123894,0.017699115044247787,0.008849557522123894,0.017699115044247787,0.07079646017699115,0.24778761061946902,0.08849557522123894,0.2831858407079646,0.017699115044247787,0.017699115044247787,4.570796460176991,113
147,0.2748091603053435,0.25190839694656486,0.04580152671755725,0.061068702290076333,0.4351145038167939,0.22137404580152673,0.007633587786259542,0.37404580152671757,0.16030534351145037,0.007633587786259542,0.04580152671755725,0.015267175572519083,0.061068702290076333,0.08396946564885496,0.183206106870229,0.13740458015267176,0.2366412213740458,0.03816793893129771,0.022900763358778626,4.267175572519084,131
214,0.4,0.3333333333333333,0.13333333333333333,0.13333333333333333,0.3333333333333333,0.06666666666666667,0.0,0.3333333333333333,0.06666666666666667,0.0,0.0,0.13333333333333333,0.13333333333333333,0.0,0.26666666666666666,0.2,0.4666666666666667,0.0,0.0,4.666666666666667,15
202,0.1111111111111111,0.2777777777777778,0.1111111111111111,0.1111111111111111,0.3888888888888889,0.2777777777777778,0.1111111111111111,0.5555555555555556,0.1111111111111111,0.0,0.0,0.05555555555555555,0.05555555555555555,0.05555555555555555,0.16666666666666666,0.1111111111111111,0.3333333333333333,0.0,0.1111111111111111,4.444444444444445,18
9,0.18181818181818182,0.0,0.0,0.0,0.2727272727272727,0.2727272727272727,0.0,0.45454545454545453,0.0,0.0,0.36363636363636365,0.0,0.0,0.2727272727272727,0.2727272727272727,0.0,0.36363636363636365,0.09090909090909091,0.0,4.454545454545454,11
79,0.14285714285714285,0.07142857142857142,0.0,0.0,0.42857142857142855,0.14285714285714285,0.0,0.7142857142857143,0.07142857142857142,0.0,0.07142857142857142,0.0,0.0,0.0,0.5,0.0,0.07142857142857142,0.07142857142857142,0.0,4.285714285714286,14
26,0.20833333333333334,0.125,0.041666666666666664,0.041666666666666664,0.4166666666666667,0.2916666666666667,0.0,0.4583333333333333,0.125,0.0,0.041666666666666664,0.08333333333333333,0.041666666666666664,0.08333333333333333,0.2916666666666667,0.08333333333333333,0.375,0.125,0.041666666666666664,4.416666666666667,24
85,0.14545454545454545,0.18181818181818182,0.18181818181818182,0.23636363636363636,0.4,0.14545454545454545,0.01818181818181818,0.5454545454545454,0.10909090909090909,0.0,0.0,0.05454545454545454,0.18181818181818182,0.12727272727272726,0.2909090909090909,0.03636363636363636,0.16363636363636364,0.07272727272727272,0.03636363636363636,4.4818181818181815,55
72,0.22580645161290322,0.14516129032258066,0.0,0.03225806451612903,0.45161290322580644,0.16129032258064516,0.0,0.5483870967741935,0.12903225806451613,0.0,0.03225806451612903,0.016129032258064516,0.04838709677419355,0.03225806451612903,0.27419354838709675,0.16129032258064516,0.25806451612903225,0.06451612903225806,0.03225806451612903,4.483870967741935,62
95,0.0,0.0,0.0,0.0,0.3333333333333333,0.0,0.0,0.7777777777777778,0.0,0.0,0.0,0.0,0.0,0.1111111111111111,0.4444444444444444,0.1111111111111111,0.1111111111111111,0.1111111111111111,0.0,4.222222222222222,9
232,0.4537037037037037,0.3611111111111111,0.08333333333333333,0.06481481481481481,0.26851851851851855,0.21296296296296297,0.0,0.37962962962962965,0.12962962962962962,0.009259259259259259,0.07407407407407407,0.06481481481481481,0.06481481481481481,0.08333333333333333,0.14814814814814814,0.25925925925925924,0.28703703703703703,0.018518518518518517,0.018518518518518517,4.648148148148148,108
77,0.3888888888888889,0.3148148148148148,0.09259259259259259,0.037037037037037035,0.2037037037037037,0.12962962962962962,0.0,0.42592592592592593,0.14814814814814814,0.0,0.14814814814814814,0.0,0.018518518518518517,0.07407407407407407,0.018518518518518517,0.35185185185185186,0.18518518518518517,0.1111111111111111,0.018518518518518517,4.388888888888889,54
172,0.125,0.5,0.125,0.25,0.125,0.125,0.0,0.75,0.125,0.0,0.0,0.0,0.0,0.0,0.0,0.25,0.125,0.125,0.125,4.375,8
30,0.0,0.0,0.16666666666666666,0.16666666666666666,0.3333333333333333,0.16666666666666666,0.0,0.6666666666666666,0.16666666666666666,0.0,0.0,0.0,0.16666666666666666,0.0,0.16666666666666666,0.0,0.16666666666666666,0.16666666666666666,0.0,4.75,6
21,0.24489795918367346,0.19387755102040816,0.02040816326530612,0.05102040816326531,0.20408163265306123,0.2653061224489796,0.02040816326530612,0.5816326530612245,0.05102040816326531,0.030612244897959183,0.11224489795918367,0.0,0.01020408163265306,0.10204081632653061,0.08163265306122448,0.17346938775510204,0.30612244897959184,0.07142857142857142,0.04081632653061224,4.3061224489795915,98
131,0.2777777777777778,0.05555555555555555,0.0,0.0,0.5555555555555556,0.05555555555555555,0.0,0.6111111111111112,0.0,0.0,0.0,0.0,0.05555555555555555,0.05555555555555555,0.2777777777777778,0.1111111111111111,0.05555555555555555,0.0,0.0,4.277777777777778,18
3,0.32413793103448274,0.2827586206896552,0.020689655172413793,0.06206896551724138,0.25517241379310346,0.11724137931034483,0.006896551724137931,0.3310344827586207,0.12413793103448276,0.0,0.15862068965517243,0.0,0.027586206896551724,0.06206896551724138,0.0896551724137931,0.46206896551724136,0.296551724137931,0.041379310344827586,0.013793103448275862,4.524137931034483,290
198,0.25,0.1111111111111111,0.0,0.0,0.1111111111111111,0.4166666666666667,0.0,0.6111111111111112,0.1111111111111111,0.027777777777777776,0.0,0.027777777777777776,0.0,0.2222222222222222,0.16666666666666666,0.16666666666666666,0.6666666666666666,0.027777777777777776,0.0,4.263888888888889,36
17,0.7,0.25,0.0,0.0,0.2,0.05,0.0,0.45,0.0,0.0,0.0,0.0,0.0,0.0,0.1,0.1,0.45,0.2,0.0,4.35,20
212,0.3793103448275862,0.10344827586206896,0.034482758620689655,0.034482758620689655,0.3103448275862069,0.27586206896551724,0.0,0.41379310344827586,0.10344827586206896,0.06896551724137931,0.10344827586206896,0.0,0.034482758620689655,0.3103448275862069,0.1724137931034483,0.10344827586206896,0.41379310344827586,0.034482758620689655,0.06896551724137931,4.293103448275862,29
37,0.1,0.0,0.0,0.0,0.4,0.2,0.0,0.5,0.0,0.1,0.1,0.0,0.1,0.3,0.1,0.0,0.4,0.1,0.0,4.2,10
28,0.0,0.0,0.0,0.14285714285714285,0.5714285714285714,0.2857142857142857,0.0,0.5714285714285714,0.14285714285714285,0.0,0.0,0.0,0.0,0.0,0.42857142857142855,0.0,0.2857142857142857,0.14285714285714285,0.0,4.571428571428571,7
165,0.35294117647058826,0.17647058823529413,0.17647058823529413,0.23529411764705882,0.058823529411764705,0.0,0.0,0.7647058823529411,0.058823529411764705,0.0,0.0,0.11764705882352941,0.17647058823529413,0.0,0.35294117647058826,0.058823529411764705,0.058823529411764705,0.17647058823529413,0.058823529411764705,4.294117647058823,17
56,0.12790697674418605,0.06976744186046512,0.011627906976744186,0.0,0.20930232558139536,0.26744186046511625,0.011627906976744186,0.6511627906976745,0.046511627906976744,0.03488372093023256,0.10465116279069768,0.0,0.023255813953488372,0.13953488372093023,0.23255813953488372,0.05813953488372093,0.32558139534883723,0.13953488372093023,0.03488372093023256,4.372093023255814,86
151,0.35294117647058826,0.29411764705882354,0.058823529411764705,0.0,0.35294117647058826,0.23529411764705882,0.0,0.29411764705882354,0.11764705882352941,0.0,0.11764705882352941,0.0,0.0,0.058823529411764705,0.11764705882352941,0.35294117647058826,0.23529411764705882,0.11764705882352941,0.0,4.176470588235294,17
209,0.13333333333333333,0.13333333333333333,0.044444444444444446,0.044444444444444446,0.28888888888888886,0.2,0.08888888888888889,0.6444444444444445,0.022222222222222223,0.0,0.0,0.0,0.022222222222222223,0.044444444444444446,0.17777777777777778,0.0,0.17777777777777778,0.13333333333333333,0.0,4.555555555555555,45
74,0.0847457627118644,0.15254237288135594,0.0,0.01694915254237288,0.3389830508474576,0.1694915254237288,0.01694915254237288,0.711864406779661,0.05084745762711865,0.06779661016949153,0.03389830508474576,0.0,0.0,0.15254237288135594,0.2033898305084746,0.05084745762711865,0.13559322033898305,0.03389830508474576,0.01694915254237288,4.508474576271187,59
225,0.36,0.16,0.0,0.04,0.44,0.2,0.0,0.52,0.08,0.0,0.04,0.04,0.0,0.04,0.36,0.08,0.56,0.08,0.0,4.68,25
138,0.22727272727272727,0.1590909090909091,0.022727272727272728,0.045454545454545456,0.2727272727272727,0.2727272727272727,0.0,0.5681818181818182,0.045454545454545456,0.022727272727272728,0.045454545454545456,0.0,0.0,0.13636363636363635,0.3409090909090909,0.022727272727272728,0.3181818181818182,0.11363636363636363,0.0,4.5,44
34,0.3709677419354839,0.3064516129032258,0.11290322580645161,0.1935483870967742,0.46774193548387094,0.06451612903225806,0.0,0.27419354838709675,0.12903225806451613,0.0,0.0,0.04838709677419355,0.0967741935483871,0.03225806451612903,0.3387096774193548,0.11290322580645161,0.3387096774193548,0.03225806451612903,0.03225806451612903,4.354838709677419,62
205,0.3246753246753247,0.2857142857142857,0.03896103896103896,0.05194805194805195,0.2727272727272727,0.3246753246753247,0.025974025974025976,0.42857142857142855,0.11688311688311688,0.012987012987012988,0.012987012987012988,0.06493506493506493,0.0,0.12987012987012986,0.12987012987012986,0.2077922077922078,0.35064935064935066,0.03896103896103896,0.0,4.136363636363637,77
83,0.16666666666666666,0.2222222222222222,0.0,0.0,0.4444444444444444,0.2777777777777778,0.0,0.3888888888888889,0.2222222222222222,0.0,0.2222222222222222,0.0,0.05555555555555555,0.16666666666666666,0.16666666666666666,0.0,0.3888888888888889,0.0,0.0,4.472222222222222,18
67,0.42857142857142855,0.4897959183673469,0.061224489795918366,0.02040816326530612,0.3673469387755102,0.04081632653061224,0.0,0.30612244897959184,0.12244897959183673,0.0,0.04081632653061224,0.0,0.0,0.0,0.1836734693877551,0.3673469387755102,0.1836734693877551,0.10204081632653061,0.061224489795918366,4.469387755102041,49
63,0.2857142857142857,0.19047619047619047,0.0,0.0,0.16666666666666666,0.023809523809523808,0.07142857142857142,0.7619047619047619,0.0,0.0,0.0,0.0,0.047619047619047616,0.023809523809523808,0.21428571428571427,0.047619047619047616,0.0,0.7142857142857143,0.023809523809523808,4.5476190476190474,42
90,0.3404255319148936,0.425531914893617,0.1702127659574468,0.1702127659574468,0.425531914893617,0.14893617021276595,0.0,0.3617021276595745,0.1702127659574468,0.0,0.06382978723404255,0.10638297872340426,0.0851063829787234,0.0851063829787234,0.14893617021276595,0.19148936170212766,0.19148936170212766,0.0425531914893617,0.0425531914893617,4.319148936170213,47
216,0.28,0.24,0.16,0.24,0.44,0.2,0.0,0.36,0.16,0.0,0.0,0.08,0.12,0.08,0.28,0.12,0.44,0.12,0.0,4.28,25
174,0.5,0.3333333333333333,0.08333333333333333,0.25,0.25,0.08333333333333333,0.0,0.5,0.3333333333333333,0.0,0.0,0.0,0.08333333333333333,0.08333333333333333,0.16666666666666666,0.0,0.0,0.25,0.08333333333333333,4.25,12
45,0.0,0.0625,0.125,0.0625,0.4375,0.125,0.0,0.625,0.125,0.125,0.0,0.0,0.0625,0.0625,0.4375,0.0,0.0625,0.0625,0.0,4.15625,16
213,0.14084507042253522,0.28169014084507044,0.09859154929577464,0.14084507042253522,0.323943661971831,0.15492957746478872,0.0,0.676056338028169,0.2112676056338028,0.0,0.0,0.1267605633802817,0.04225352112676056,0.04225352112676056,0.23943661971830985,0.09859154929577464,0.11267605633802817,0.04225352112676056,0.04225352112676056,4.753521126760563,71
134,0.1419753086419753,0.08024691358024691,0.012345679012345678,0.037037037037037035,0.3271604938271605,0.17901234567901234,0.037037037037037035,0.5370370370370371,0.06172839506172839,0.018518518518518517,0.14814814814814814,0.0,0.018518518518518517,0.06172839506172839,0.09259259259259259,0.1111111111111111,0.2345679012345679,0.043209876543209874,0.012345679012345678,4.234567901234568,162
144,0.1527777777777778,0.05555555555555555,0.0,0.013888888888888888,0.7083333333333334,0.20833333333333334,0.0,0.3888888888888889,0.05555555555555555,0.013888888888888888,0.0,0.0,0.041666666666666664,0.06944444444444445,0.3055555555555556,0.0,0.25,0.0,0.013888888888888888,4.666666666666667,72
39,0.6363636363636364,0.45454545454545453,0.09090909090909091,0.09090909090909091,0.18181818181818182,0.2727272727272727,0.0,0.36363636363636365,0.09090909090909091,0.0,0.0,0.0,0.0,0.09090909090909091,0.09090909090909091,0.09090909090909091,0.6363636363636364,0.0,0.0,4.363636363636363,11
168,0.13725490196078433,0.18627450980392157,0.09803921568627451,0.08823529411764706,0.43137254901960786,0.3137254901960784,0.00980392156862745,0.45098039215686275,0.13725490196078433,0.049019607843137254,0.0784313725490196,0.00980392156862745,0.00980392156862745,0.18627450980392157,0.16666666666666666,0.14705882352941177,0.39215686274509803,0.0392156862745098,0.0,4.671568627450981,102
163,0.36363636363636365,0.22727272727272727,0.11363636363636363,0.06818181818181818,0.2727272727272727,0.3181818181818182,0.0,0.4772727272727273,0.022727272727272728,0.022727272727272728,0.045454545454545456,0.13636363636363635,0.022727272727272728,0.22727272727272727,0.13636363636363635,0.3181818181818182,0.36363636363636365,0.045454545454545456,0.022727272727272728,4.3522727272727275,44
223,0.25,0.2,0.1,0.05,0.2,0.4,0.0,0.65,0.2,0.0,0.05,0.0,0.0,0.25,0.2,0.05,0.3,0.05,0.0,4.1,20
36,1.0,0.0,0.0,0.0,0.0,0.0,0.0,0.0,0.0,0.0,0.0,0.0,0.0,0.0,0.0,0.0,1.0,0.0,0.0,4.0,1
221,0.38461538461538464,0.38461538461538464,0.07692307692307693,0.07692307692307693,0.38461538461538464,0.23076923076923078,0.0,0.23076923076923078,0.07692307692307693,0.0,0.07692307692307693,0.0,0.07692307692307693,0.0,0.23076923076923078,0.23076923076923078,0.3076923076923077,0.0,0.07692307692307693,4.346153846153846,13
102,0.23076923076923078,0.18461538461538463,0.015384615384615385,0.03076923076923077,0.4,0.2153846153846154,0.0,0.5076923076923077,0.13846153846153847,0.0,0.03076923076923077,0.03076923076923077,0.046153846153846156,0.13846153846153847,0.2,0.26153846153846155,0.24615384615384617,0.046153846153846156,0.06153846153846154,4.507692307692308,65
167,0.3076923076923077,0.5,0.23076923076923078,0.19230769230769232,0.23076923076923078,0.23076923076923078,0.0,0.38461538461538464,0.38461538461538464,0.0,0.038461538461538464,0.19230769230769232,0.07692307692307693,0.07692307692307693,0.15384615384615385,0.2692307692307692,0.23076923076923078,0.0,0.0,4.269230769230769,26
158,0.13924050632911392,0.10126582278481013,0.05063291139240506,0.11392405063291139,0.4050632911392405,0.20253164556962025,0.012658227848101266,0.5949367088607594,0.05063291139240506,0.012658227848101266,0.0379746835443038,0.012658227848101266,0.05063291139240506,0.0759493670886076,0.27848101265822783,0.0379746835443038,0.26582278481012656,0.05063291139240506,0.012658227848101266,4.455696202531645,79
118,0.12,0.16,0.04,0.08,0.32,0.2,0.04,0.6,0.08,0.04,0.0,0.0,0.04,0.12,0.12,0.04,0.24,0.08,0.0,4.76,25
111,0.08333333333333333,0.0,0.0,0.08333333333333333,0.6666666666666666,0.08333333333333333,0.0,0.5833333333333334,0.16666666666666666,0.0,0.08333333333333333,0.0,0.0,0.0,0.5,0.0,0.0,0.08333333333333333,0.0,4.458333333333333,12
16,0.27586206896551724,0.13793103448275862,0.0,0.0,0.9655172413793104,0.10344827586206896,0.0,0.27586206896551724,0.10344827586206896,0.0,0.0,0.0,0.034482758620689655,0.0,0.5517241379310345,0.06896551724137931,0.06896551724137931,0.034482758620689655,0.0,4.448275862068965,29
207,0.5,0.21428571428571427,0.07142857142857142,0.0,0.21428571428571427,0.35714285714285715,0.0,0.2857142857142857,0.0,0.0,0.21428571428571427,0.0,0.07142857142857142,0.0,0.14285714285714285,0.2857142857142857,0.2857142857142857,0.0,0.07142857142857142,4.142857142857143,14
62,0.13636363636363635,0.2727272727272727,0.045454545454545456,0.0,0.5909090909090909,0.13636363636363635,0.0,0.45454545454545453,0.13636363636363635,0.0,0.0,0.0,0.045454545454545456,0.0,0.09090909090909091,0.13636363636363635,0.13636363636363635,0.0,0.0,4.590909090909091,22
123,0.0,0.0,0.0,0.0,0.6666666666666666,0.3333333333333333,0.0,0.6666666666666666,0.0,0.0,0.0,0.0,0.0,0.0,0.0,0.0,0.0,0.0,0.0,4.333333333333333,3
126,0.23076923076923078,0.23076923076923078,0.07692307692307693,0.15384615384615385,0.46153846153846156,0.15384615384615385,0.0,0.46153846153846156,0.15384615384615385,0.0,0.0,0.0,0.07692307692307693,0.07692307692307693,0.07692307692307693,0.07692307692307693,0.38461538461538464,0.0,0.0,4.0,13
194,0.4166666666666667,0.625,0.16666666666666666,0.2916666666666667,0.3333333333333333,0.08333333333333333,0.0,0.125,0.4166666666666667,0.0,0.0,0.041666666666666664,0.20833333333333334,0.041666666666666664,0.16666666666666666,0.4166666666666667,0.125,0.0,0.0,4.625,24
99,0.23404255319148937,0.10638297872340426,0.0425531914893617,0.0425531914893617,0.5106382978723404,0.44680851063829785,0.0,0.3829787234042553,0.06382978723404255,0.02127659574468085,0.0851063829787234,0.02127659574468085,0.0,0.19148936170212766,0.10638297872340426,0.1702127659574468,0.3191489361702128,0.10638297872340426,0.02127659574468085,4.351063829787234,47
41,0.04,0.1,0.0,0.06,0.36,0.12,0.0,0.74,0.08,0.02,0.02,0.0,0.02,0.06,0.34,0.06,0.06,0.06,0.0,4.4,50
206,0.29411764705882354,0.17647058823529413,0.047058823529411764,0.058823529411764705,0.5176470588235295,0.17647058823529413,0.0,0.3764705882352941,0.09411764705882353,0.0,0.023529411764705882,0.011764705882352941,0.09411764705882353,0.023529411764705882,0.5529411764705883,0.11764705882352941,0.25882352941176473,0.023529411764705882,0.0,4.276470588235294,85
46,0.05172413793103448,0.0,0.0,0.0,0.6724137931034483,0.1206896551724138,0.05172413793103448,0.5517241379310345,0.034482758620689655,0.0,0.017241379310344827,0.0,0.0,0.017241379310344827,0.2413793103448276,0.017241379310344827,0.15517241379310345,0.05172413793103448,0.0,4.379310344827586,58
224,0.06666666666666667,0.13333333333333333,0.0,0.0,0.4,0.13333333333333333,0.0,0.4666666666666667,0.0,0.0,0.13333333333333333,0.0,0.06666666666666667,0.13333333333333333,0.06666666666666667,0.2,0.3333333333333333,0.13333333333333333,0.06666666666666667,4.266666666666667,15
157,0.4642857142857143,0.39285714285714285,0.0,0.017857142857142856,0.23214285714285715,0.05357142857142857,0.0,0.5535714285714286,0.07142857142857142,0.0,0.05357142857142857,0.0,0.017857142857142856,0.017857142857142856,0.26785714285714285,0.21428571428571427,0.21428571428571427,0.26785714285714285,0.03571428571428571,4.25,56
53,0.03225806451612903,0.03225806451612903,0.012903225806451613,0.025806451612903226,0.3032258064516129,0.14838709677419354,0.04516129032258064,0.8258064516129032,0.04516129032258064,0.03225806451612903,0.012903225806451613,0.0,0.0064516129032258064,0.08387096774193549,0.15483870967741936,0.05806451612903226,0.12258064516129032,0.05806451612903226,0.0064516129032258064,4.567741935483871,155
32,0.3333333333333333,0.23333333333333334,0.03333333333333333,0.06666666666666667,0.36666666666666664,0.2,0.0,0.43333333333333335,0.0,0.0,0.03333333333333333,0.03333333333333333,0.0,0.03333333333333333,0.26666666666666666,0.13333333333333333,0.43333333333333335,0.0,0.03333333333333333,4.166666666666667,30
183,0.7222222222222222,0.3888888888888889,0.0,0.0,0.2777777777777778,0.3333333333333333,0.0,0.2222222222222222,0.0,0.0,0.0,0.0,0.0,0.0,0.05555555555555555,0.2222222222222222,0.6666666666666666,0.0,0.0,4.277777777777778,18
100,0.25,0.17857142857142858,0.07142857142857142,0.03571428571428571,0.5,0.25,0.03571428571428571,0.5,0.07142857142857142,0.0,0.07142857142857142,0.0,0.0,0.07142857142857142,0.17857142857142858,0.21428571428571427,0.25,0.07142857142857142,0.0,4.142857142857143,28
136,0.3780487804878049,0.4634146341463415,0.18292682926829268,0.21951219512195122,0.3170731707317073,0.14634146341463414,0.0,0.3048780487804878,0.23170731707317074,0.012195121951219513,0.036585365853658534,0.24390243902439024,0.0975609756097561,0.10975609756097561,0.10975609756097561,0.3048780487804878,0.21951219512195122,0.036585365853658534,0.012195121951219513,4.609756097560975,82
150,0.2,0.3,0.1,0.1,0.3,0.1,0.0,0.7,0.3,0.0,0.0,0.0,0.2,0.0,0.0,0.1,0.0,0.0,0.0,4.1,10
140,0.31891891891891894,0.22702702702702704,0.02702702702702703,0.02702702702702703,0.4810810810810811,0.1945945945945946,0.005405405405405406,0.3621621621621622,0.08648648648648649,0.021621621621621623,0.021621621621621623,0.005405405405405406,0.032432432432432434,0.08108108108108109,0.1945945945945946,0.1891891891891892,0.2864864864864865,0.02702702702702703,0.02702702702702703,4.356756756756757,185
139,0.18181818181818182,0.09090909090909091,0.0,0.0,0.5454545454545454,0.2727272727272727,0.0,0.18181818181818182,0.0,0.0,0.09090909090909091,0.0,0.0,0.09090909090909091,0.2727272727272727,0.0,0.36363636363636365,0.0,0.0,4.2727272727272725,11
12,0.3684210526315789,0.3157894736842105,0.15789473684210525,0.21052631578947367,0.42105263157894735,0.10526315789473684,0.0,0.42105263157894735,0.21052631578947367,0.0,0.0,0.10526315789473684,0.10526315789473684,0.0,0.21052631578947367,0.15789473684210525,0.2631578947368421,0.15789473684210525,0.0,4.052631578947368,19
137,0.3080168776371308,0.26582278481012656,0.09282700421940929,0.11814345991561181,0.33755274261603374,0.1518987341772152,0.0,0.4345991561181435,0.14767932489451477,0.008438818565400843,0.10126582278481013,0.004219409282700422,0.0970464135021097,0.0759493670886076,0.16877637130801687,0.16455696202531644,0.25316455696202533,0.06329113924050633,0.004219409282700422,4.468354430379747,237
208,0.1062992125984252,0.11286089238845144,0.04068241469816273,0.03805774278215223,0.3464566929133858,0.13910761154855644,0.08005249343832022,0.6338582677165354,0.05905511811023622,0.024934383202099737,0.030183727034120734,0.009186351706036745,0.03937007874015748,0.05511811023622047,0.23622047244094488,0.06955380577427822,0.15354330708661418,0.05905511811023622,0.02099737532808399,4.186351706036746,762
24,0.30131004366812225,0.18777292576419213,0.034934497816593885,0.034934497816593885,0.37117903930131,0.16593886462882096,0.008733624454148471,0.3930131004366812,0.05240174672489083,0.004366812227074236,0.08296943231441048,0.0,0.008733624454148471,0.07860262008733625,0.17903930131004367,0.1572052401746725,0.314410480349345,0.056768558951965066,0.026200873362445413,4.318777292576419,229
191,0.08333333333333333,0.08333333333333333,0.0,0.0,0.5,0.16666666666666666,0.0,0.3333333333333333,0.08333333333333333,0.0,0.0,0.0,0.0,0.25,0.08333333333333333,0.08333333333333333,0.25,0.16666666666666666,0.0,4.458333333333333,12
25,0.1724137931034483,0.1896551724137931,0.034482758620689655,0.08620689655172414,0.5689655172413793,0.20689655172413793,0.0,0.5,0.15517241379310345,0.0,0.06896551724137931,0.0,0.017241379310344827,0.034482758620689655,0.2413793103448276,0.10344827586206896,0.1206896551724138,0.034482758620689655,0.017241379310344827,4.163793103448276,58
141,0.1111111111111111,0.05555555555555555,0.0,0.0,0.2777777777777778,0.5555555555555556,0.0,0.6666666666666666,0.0,0.0,0.05555555555555555,0.1111111111111111,0.0,0.2222222222222222,0.05555555555555555,0.05555555555555555,0.3888888888888889,0.0,0.0,4.111111111111111,18
122,0.08163265306122448,0.04081632653061224,0.0,0.0,0.20408163265306123,0.04081632653061224,0.0,0.9591836734693877,0.061224489795918366,0.02040816326530612,0.0,0.0,0.0,0.08163265306122448,0.42857142857142855,0.02040816326530612,0.061224489795918366,0.12244897959183673,0.0,4.6938775510204085,49
94,0.14285714285714285,0.42857142857142855,0.14285714285714285,0.14285714285714285,0.14285714285714285,0.0,0.0,0.7142857142857143,0.0,0.0,0.14285714285714285,0.14285714285714285,0.0,0.2857142857142857,0.14285714285714285,0.0,0.2857142857142857,0.14285714285714285,0.0,4.142857142857143,7
218,0.1953125,0.0859375,0.0078125,0.0,0.3046875,0.4453125,0.03125,0.6875,0.0390625,0.015625,0.0078125,0.0,0.0,0.0703125,0.140625,0.03125,0.421875,0.0703125,0.0,4.0859375,128
154,0.256,0.144,0.008,0.016,0.384,0.304,0.016,0.536,0.056,0.008,0.04,0.032,0.016,0.152,0.144,0.08,0.36,0.04,0.016,4.232,125
234,0.3,0.5,0.1,0.1,0.4,0.2,0.0,0.5,0.0,0.0,0.0,0.1,0.1,0.0,0.2,0.1,0.3,0.2,0.1,4.1,10
49,0.47058823529411764,0.23529411764705882,0.11764705882352941,0.0,0.058823529411764705,0.4117647058823529,0.0,0.5882352941176471,0.058823529411764705,0.0,0.11764705882352941,0.11764705882352941,0.0,0.17647058823529413,0.0,0.23529411764705882,0.4117647058823529,0.058823529411764705,0.0,4.264705882352941,17
211,0.45652173913043476,0.5,0.15217391304347827,0.17391304347826086,0.32608695652173914,0.15217391304347827,0.0,0.391304347826087,0.21739130434782608,0.0,0.043478260869565216,0.10869565217391304,0.08695652173913043,0.08695652173913043,0.15217391304347827,0.2391304347826087,0.2826086956521739,0.043478260869565216,0.021739130434782608,4.3478260869565215,46
33,0.4642857142857143,0.2857142857142857,0.10714285714285714,0.10714285714285714,0.75,0.25,0.0,0.32142857142857145,0.14285714285714285,0.0,0.07142857142857142,0.0,0.03571428571428571,0.0,0.14285714285714285,0.07142857142857142,0.14285714285714285,0.14285714285714285,0.07142857142857142,4.5,28
185,0.2727272727272727,0.36363636363636365,0.0,0.0,0.45454545454545453,0.2727272727272727,0.0,0.45454545454545453,0.0,0.0,0.09090909090909091,0.09090909090909091,0.0,0.0,0.2727272727272727,0.2727272727272727,0.45454545454545453,0.09090909090909091,0.0,4.363636363636363,11
64,0.48148148148148145,0.3333333333333333,0.1111111111111111,0.1111111111111111,0.14814814814814814,0.2222222222222222,0.0,0.48148148148148145,0.037037037037037035,0.0,0.037037037037037035,0.1111111111111111,0.1111111111111111,0.037037037037037035,0.2222222222222222,0.18518518518518517,0.4074074074074074,0.1111111111111111,0.037037037037037035,4.666666666666667,27
215,0.1774193548387097,0.1532258064516129,0.04032258064516129,0.0,0.5080645161290323,0.16129032258064516,0.016129032258064516,0.5483870967741935,0.08870967741935484,0.03225806451612903,0.016129032258064516,0.016129032258064516,0.03225806451612903,0.0967741935483871,0.1935483870967742,0.1532258064516129,0.21774193548387097,0.0,0.008064516129032258,4.262096774193548,124
55,0.72,0.44,0.0,0.0,0.08,0.08,0.0,0.4,0.0,0.0,0.08,0.0,0.0,0.0,0.12,0.28,0.24,0.2,0.04,4.44,25
148,0.07575757575757576,0.13636363636363635,0.10606060606060606,0.12121212121212122,0.696969696969697,0.045454545454545456,0.0,0.4090909090909091,0.09090909090909091,0.0,0.030303030303030304,0.0,0.07575757575757576,0.07575757575757576,0.8636363636363636,0.045454545454545456,0.10606060606060606,0.015151515151515152,0.0,4.590909090909091,66
130,0.23893805309734514,0.1504424778761062,0.0,0.008849557522123894,0.23893805309734514,0.17699115044247787,0.0,0.6371681415929203,0.035398230088495575,0.0,0.02654867256637168,0.0,0.008849557522123894,0.07079646017699115,0.18584070796460178,0.10619469026548672,0.34513274336283184,0.1415929203539823,0.04424778761061947,4.230088495575221,113
23,0.22972972972972974,0.08108108108108109,0.05405405405405406,0.04054054054054054,0.2972972972972973,0.35135135135135137,0.013513513513513514,0.5945945945945946,0.05405405405405406,0.02702702702702703,0.02702702702702703,0.0,0.0,0.12162162162162163,0.24324324324324326,0.10810810810810811,0.40540540540540543,0.06756756756756757,0.013513513513513514,4.554054054054054,74
